repeat,model,cumulative_return,annualized_return,sharpe,calmar,max_drawdown
13,a2c,0.33450637873000155,0.425780617108823,1.1603474032763805,1.4987554367859073,-0.2840894562637336
13,ppo,0.053207648080001446,0.06580008725159625,0.7239372966100496,1.2611338499001106,-0.052175339879115934
13,sac,0.6731917202899995,0.882771646154495,1.9675080267095597,4.030630429924325,-0.2190157747037773
