pair,classifier_group,selected_global_tau,stronger_component,daily_coverage_rate,ensemble_final_mean,ensemble_final_min,ensemble_final_max,stronger_component_final
a2c_ppo,1,0.27,a2c,0.038834951456310676,1356425.5993770005,1356228.7750100004,1358001.5884500009,1334506.3787300016
a2c_sac,1,0.53,sac,0.019417475728155338,1560972.2789406676,1499125.3458800009,1579153.2340300009,1673191.7202899985
ppo_sac,1,0.61,sac,0.019417475728155338,1736636.0683126668,1730393.13777,1739742.68164,1673191.7202899985
