pair,classifier_group,selected_global_tau,stronger_component,daily_coverage_rate,ensemble_final_mean,ensemble_final_min,ensemble_final_max,stronger_component_final
a2c_ppo,1,0.33,ppo,0.26877470355731226,1121445.244590413,1098015.0269233836,1148713.0667779632,1132466.2967955684
a2c_sac,1,0.37,sac,0.11067193675889328,1181589.1651001924,1098774.1508987313,1233902.7656034355,1030441.6103973651
ppo_sac,1,0.01,ppo,0.25296442687747034,1176944.6004735844,1042706.2297198497,1248850.929460664,1132466.2967955684
