pair,classifier_group,selected_global_tau,stronger_component,daily_coverage_rate,ensemble_final_mean,ensemble_final_min,ensemble_final_max,stronger_component_final
a2c_ppo,1,0.4,ppo,0.057692307692307696,1589545.013773334,1579483.219220001,1590749.052650001,1491936.8881699992
a2c_sac,1,0.01,sac,0.1778846153846154,1581983.9969679995,1576239.1967599997,1583060.8077099996,1478060.8389700004
ppo_sac,1,0.01,ppo,0.08653846153846154,1494828.309812667,1491882.9189800003,1495789.2480100004,1491936.8881699992
