repeat,model,cumulative_return,annualized_return,sharpe,calmar,max_drawdown
25,a2c,0.28732643016000026,0.35998479340248646,1.2204170962565464,1.3701414349549377,-0.26273549884601943
25,ppo,0.4919368881699995,0.6275048424001635,1.8413295497115678,3.2957368267290503,-0.19039895337242352
25,sac,0.4780608389700005,0.6090959557743001,1.8335241913960623,3.2351394385184244,-0.1882750241063006
