pair,tau,classifier_groups,sharpe_across_groups_mean,sharpe_across_groups_min,sharpe_across_groups_max,min_delta_vs_stronger,min_delta_vs_simple_average,groups_beating_stronger,groups_beating_simple_average
arima_lstm,0.18,5,1.011904404936401,0.9931573273337928,1.036747858609361,-0.13339396716029062,-0.06966346949099145,0,0
arima_xgboost,0.28,5,0.9344157223597149,0.888396114141756,0.9703179081863781,-0.021030817730214757,-0.023019283017026493,4,4
xgboost_lstm,0.2,5,1.054951645573118,0.936419810439024,1.152452851759699,-0.19013148405505942,-0.08613954855003247,1,3
